"编号","开始答题时间","结束答题时间","自定义字段","2.题目: 除了以上这些，你希望还能呈现________功能？:1[题目填空]",
"1","2018-11-26 23:48:26","2018-11-26 23:49:43","","球迷互动",
"2","2018-11-26 23:49:27","2018-11-26 23:49:59","","挺好的",
"3","2018-11-26 23:50:42","2018-11-26 23:51:43","","粉丝寄语",
"4","2018-11-26 23:50:29","2018-11-26 23:51:48","","无",
"5","2018-11-26 23:49:49","2018-11-26 23:52:33","","拉拉队组团报名",
"6","2018-11-26 23:51:49","2018-11-26 23:52:43","","球迷互动",
"7","2018-11-26 23:50:27","2018-11-26 23:53:26","","对选手实力优缺点的分析以及未来发展的方向",
"8","2018-11-26 23:53:08","2018-11-26 23:53:32","","直播",
"9","2018-11-26 23:54:01","2018-11-26 23:54:23","","照片",
"10","2018-11-26 23:53:52","2018-11-26 23:54:36","","赞助商信息 官网链接",
"11","2018-11-26 23:54:26","2018-11-26 23:55:43","","卡通化美蔷",
"12","2018-11-26 23:56:21","2018-11-26 23:57:23","","球迷福利互动",
"13","2018-11-26 23:57:51","2018-11-26 23:58:36","","粉丝福利",
"14","2018-11-26 23:59:13","2018-11-26 23:59:59","","签名照签名球等福利活动",
"15","2018-11-26 23:59:00","2018-11-27 00:00:28","","方便快捷很重要",
"16","2018-11-27 00:03:31","2018-11-27 00:05:25","","暂时没有想到",
"17","2018-11-27 00:54:02","2018-11-27 00:54:28","","送福利",
"18","2018-11-27 01:56:50","2018-11-27 01:57:40","","留言",
"19","2018-11-27 08:23:16","2018-11-27 08:24:17","","沒有",
"20","2018-11-27 09:45:02","2018-11-27 09:45:38","","交友",
"21","2018-11-27 10:44:17","2018-11-27 10:45:11","","暂无",
"22","2018-11-27 12:49:57","2018-11-27 12:50:46","","美蔷趣事",
"23","2018-11-27 13:15:00","2018-11-27 13:15:18","","互动",
"24","2018-11-27 13:15:17","2018-11-27 13:15:26","","直播",
"25","2018-11-27 13:15:02","2018-11-27 13:15:27","","互动区",
"26","2018-11-27 13:15:13","2018-11-27 13:15:32","","卖周边",
"27","2018-11-27 13:15:47","2018-11-27 13:16:50","","美蔷和球迷对话",
"28","2018-11-27 13:15:42","2018-11-27 13:16:55","","线下互动",
"29","2018-11-27 13:16:01","2018-11-27 13:17:06","","明群交流",
"30","2018-11-27 13:15:30","2018-11-27 13:17:11","","对手的信息与交手记录",
"31","2018-11-27 13:16:25","2018-11-27 13:17:13","","新闻",
"32","2018-11-27 13:17:17","2018-11-27 13:17:49","","哈哈哈哈八卦",
"33","2018-11-27 13:17:13","2018-11-27 13:17:59","","目标",
"34","2018-11-27 13:17:51","2018-11-27 13:19:19","","王蔷比赛视频直播信号",
"35","2018-11-27 13:17:09","2018-11-27 13:20:46","","球场之外的其他如代言和时尚旅游等资讯",
"36","2018-11-27 13:20:39","2018-11-27 13:21:29","","八卦新闻……",
"37","2018-11-27 13:24:49","2018-11-27 13:25:37","","各大赛事链接",
"38","2018-11-27 13:24:02","2018-11-27 13:25:47","","粉丝互动",
"39","2018-11-27 13:19:31","2018-11-27 13:27:44","","冠军墙",
